server;arrival;start;end;client;class;estimated_proc_time;real_proc_time
1;0;0.0;19.0;4;24;19.0;19.0
2;0;0.0;5.0;1;13;6.0;5.0
3;0;0.0;1.0;0;17;2.0;1.0
4;0;0.0;21.0;2;0;21.0;21.0
5;0;0.0;1.0;3;24;2.0;1.0
6;0;0.0;13.0;5;16;13.0;13.0
7;1;1.0;13.0;7;1;13.0;12.0
8;1;1.0;28.0;6;12;26.0;27.0
9;4;4.0;7.0;10;8;3.0;3.0
10;4;4.0;5.0;14;29;1.0;1.0
11;4;4.0;8.0;9;11;4.0;4.0
14;4;4.0;11.0;11;4;5.0;7.0
15;4;4.0;18.0;8;12;14.0;14.0
3;4;4.0;17.0;12;13;15.0;13.0
5;4;4.0;9.0;15;2;5.0;5.0
10;5;5.0;21.0;16;26;17.0;16.0
2;4;5.0;11.0;13;13;6.0;6.0
17;5;5.35580238426793;10.35580238426793;17;12;5.0;5.0
16;8;8.0;23.0;22;1;17.0;15.0
9;8;8.0;9.0;21;2;2.0;1.0
11;8;8.0;13.0;19;25;7.0;5.0
13;8;8.979679363740752;11.979679363740752;23;12;4.0;3.0
9;9;9.0;12.0;26;24;3.0;3.0
5;9;9.0;10.0;24;23;1.0;1.0
18;8;9.484433782538762;18.484433782538762;20;17;8.0;9.0
5;9;10.0;24.0;25;20;14.0;14.0
17;9;10.35580238426793;14.35580238426793;27;5;3.0;4.0
14;11;11.0;18.0;29;13;9.0;7.0
2;11;11.0;27.0;30;17;17.0;16.0
0;8;11.22743157782592;33.22743157782592;18;29;20.0;22.0
13;11;11.979679363740752;27.97967936374075;31;3;15.0;15.999999999999998
9;11;12.0;27.0;28;23;15.0;15.0
11;14;14.0;38.0;32;13;23.0;24.0
17;15;15.0;20.0;36;12;5.0;5.0
7;15;15.0;28.0;34;20;13.0;13.0
6;15;15.0;40.0;33;3;26.0;25.0
19;17;17.0;33.0;37;29;16.0;16.0
12;19;19.0;24.0;38;2;5.0;5.0
18;19;19.0;29.0;39;11;12.0;10.0
3;21;21.0;40.0;40;4;22.0;19.0
14;21;21.0;24.0;42;27;3.0;3.0
15;21;21.0;41.0;41;6;20.0;20.0
17;23;23.0;41.0;43;22;18.0;18.0
16;23;23.0;42.0;44;21;18.0;19.0
12;24;24.0;25.0;45;11;2.0;1.0
10;24;24.0;52.0;46;24;27.0;28.0
12;25;25.0;34.0;47;21;8.0;9.0
14;25;25.0;48.0;48;2;23.0;23.0
1;26;26.0;33.0;51;21;8.0;7.0
4;26;26.0;29.0;49;13;3.0;3.0
5;26;26.0;38.0;53;17;11.0;12.0
9;26;27.0;31.0;50;8;3.0;4.0
2;27;27.0;29.0;54;7;1.0;2.0
13;27;27.97967936374075;50.97967936374075;55;27;27.0;23.0
7;28;28.0;34.0;58;18;5.0;6.0
18;28;29.0;38.0;59;23;12.0;9.0
4;28;29.0;39.0;57;4;13.0;10.0
2;28;29.0;46.0;61;29;21.0;17.0
9;30;31.0;60.0;62;0;28.0;29.0
19;32;33.0;60.0;64;19;27.0;27.0
1;27;33.0;63.0;56;26;28.0;30.0
12;34;34.0;61.0;66;13;28.0;27.0
7;34;34.0;49.0;69;12;15.0;15.0
18;38;38.0;39.0;71;9;2.0;1.0
11;38;38.0;52.0;72;12;14.0;14.0
5;28;38.0;46.0;60;26;7.0;8.0
18;39;39.0;68.0;74;7;27.0;29.0
4;34;39.0;50.0;68;1;7.0;11.0
3;39;40.0;47.0;76;0;8.0;7.0
6;34;40.0;49.0;67;26;8.0;9.0
17;32;41.0;44.0;65;23;1.0;3.0
15;39;41.0;42.0;75;4;1.0;1.0
16;42;42.0;65.0;78;17;21.0;23.0
15;42;42.0;43.0;81;15;4.0;1.0
15;42;43.0;51.0;79;9;8.0;8.0
17;39;44.0;47.0;73;6;2.0;3.0
5;46;46.0;63.0;90;16;17.0;17.0
2;42;46.0;63.0;77;19;17.0;17.0
3;38;47.0;60.0;70;21;10.0;13.0
0;45;47.501677324254345;53.501677324254345;87;6;8.0;6.0
14;42;48.0;55.0;80;24;3.0;7.0
7;49;49.0;57.0;98;24;10.0;8.0
6;43;49.0;51.0;84;10;2.0;2.0
4;43;50.0;64.0;82;3;11.0;14.0
13;43;50.97967936374075;56.97967936374075;83;24;4.0;6.0
15;49;51.0;52.0;97;1;2.0;1.0
6;49;51.0;55.0;92;13;6.0;4.0
15;52;52.0;59.0;100;9;8.0;7.0
11;52;52.0;58.0;99;24;5.0;6.0
0;49;53.501677324254345;59.501677324254345;91;26;7.0;6.0
14;55;55.0;60.0;104;26;5.0;5.0
6;55;55.0;56.0;102;10;2.0;1.0
6;55;56.0;66.0;103;19;9.0;10.0
13;46;56.97967936374075;60.97967936374075;89;12;4.0;4.0
7;57;57.0;78.0;106;21;19.0;21.0
11;57;58.0;63.0;105;7;4.0;5.0
15;58;59.0;62.0;110;17;1.0;3.0
0;58;59.501677324254345;63.501677324254345;109;25;4.0;4.0
19;49;60.0;64.0;95;18;4.0;4.0
14;59;60.0;61.0;112;24;3.0;1.0
3;55;60.0;66.0;101;16;7.0;6.0
9;45;60.0;62.0;86;15;3.0;2.0
10;58;60.78767896388686;73.78767896388686;111;15;9.0;13.0
13;49;60.97967936374075;70.97967936374076;96;6;10.0;10.000000000000007
12;58;61.0;69.0;107;7;10.0;8.0
14;58;61.0;84.0;108;6;25.0;23.0
15;60;62.0;63.0;113;4;1.0;1.0
9;61;62.0;90.0;114;0;28.0;28.0
0;64;64.0;71.0;116;11;5.0;7.0
19;64;64.0;77.0;115;17;13.0;13.0
1;65;65.0;70.0;118;6;4.0;5.0
15;65;65.0;82.0;120;28;16.0;17.0
16;65;65.0;82.0;117;20;15.0;17.0
11;65;65.0;76.0;119;3;9.0;11.0
5;67;67.0;68.0;129;1;1.0;1.0
3;67;67.0;86.0;127;2;19.0;19.0
2;67;67.0;70.0;122;7;1.0;3.0
6;67;67.0;69.0;128;8;4.0;2.0
18;67;68.0;69.0;121;9;2.0;1.0
5;68;68.0;69.0;134;23;1.0;1.0
12;69;69.0;92.0;135;4;23.0;23.0
18;69;69.0;87.0;139;18;18.0;18.0
5;67;69.0;72.0;125;24;2.0;3.0
6;69;69.0;71.0;137;10;2.0;2.0
1;69;70.0;78.0;141;21;8.0;8.0
2;69;70.0;71.0;138;7;1.0;1.0
13;67;70.97967936374076;75.97967936374076;132;12;4.0;5.0
0;67;71.0;76.0;131;4;6.0;5.0
2;67;71.0;78.0;126;18;8.0;7.0
6;69;71.0;74.0;140;22;2.0;3.0
5;68;72.0;77.0;133;27;5.0;5.0
10;72;73.78767896388686;74.78767896388686;144;29;1.0;1.0
6;74;74.0;83.0;145;18;11.0;9.0
10;72;74.78767896388686;78.78767896388686;143;11;4.0;4.0
13;75;75.97967936374076;101.97967936374076;148;14;25.0;26.0
0;75;76.0;81.0;152;14;2.0;5.0
11;75;76.0;77.0;155;0;1.0;1.0
19;74;77.0;78.0;146;24;4.0;1.0
5;69;77.0;86.0;136;27;5.0;9.0
11;67;77.0;89.0;124;20;11.0;12.0
19;67;78.0;90.0;123;17;13.0;12.0
1;69;78.0;90.0;142;17;14.0;12.0
2;75;78.0;79.0;147;9;2.0;1.0
7;78;78.0;79.0;159;11;2.0;1.0
10;76;78.78767896388686;79.78767896388686;156;29;1.0;1.0
2;79;79.0;89.0;161;1;13.0;10.0
7;79;79.0;99.0;165;22;19.0;20.0
10;79;79.78767896388686;84.78767896388686;164;15;9.0;5.0
4;75;80.89878107866404;84.89878107866404;150;13;3.0;4.0
17;78;80.95825888424106;81.95825888424106;157;6;2.0;1.0
0;81;81.0;82.0;170;14;2.0;1.0
17;81;81.95825888424106;97.95825888424106;169;4;17.0;16.0
0;82;82.0;102.0;183;29;20.0;20.0
15;81;82.0;83.0;179;8;1.0;1.0
16;81;82.0;86.0;172;25;5.0;4.0
15;81;83.0;102.0;173;0;18.0;19.0
6;81;83.0;91.0;168;24;11.0;8.0
14;84;84.0;87.0;186;11;3.0;3.0
10;84;84.78767896388686;92.78767896388686;187;0;8.0;8.0
4;81;84.89878107866404;99.89878107866404;176;3;11.0;15.0
5;81;86.0;103.0;171;29;15.0;17.0
16;79;86.0;89.0;160;25;5.0;3.0
3;79;86.0;92.0;166;8;6.0;6.0
18;75;87.0;93.0;153;3;7.0;6.0
14;81;87.0;92.0;180;24;3.0;5.0
16;88;89.0;109.0;189;1;17.0;20.0
11;79;89.0;94.0;163;7;4.0;5.0
2;81;89.0;90.0;175;5;1.0;1.0
19;75;90.0;91.0;149;26;1.0;1.0
1;82;90.0;93.0;185;15;1.0;3.0
9;79;90.0;96.0;162;1;6.0;6.0
2;81;90.0;98.0;178;13;6.0;8.0
19;81;91.0;93.0;174;26;1.0;2.0
6;81;91.0;93.0;181;13;6.0;2.0
12;92;92.0;107.0;201;25;13.0;15.0
3;92;92.0;98.0;199;0;8.0;6.0
14;92;92.0;94.0;196;27;3.0;2.0
10;88;92.78767896388686;93.78767896388686;190;29;1.0;1.0
19;75;93.0;99.0;151;18;4.0;6.0
18;81;93.0;101.0;177;12;7.0;8.0
1;75;93.0;96.0;154;16;3.0;3.0
6;88;93.0;107.0;191;6;12.0;14.0
10;78;93.78767896388686;98.78767896388686;158;20;6.0;5.0
14;94;94.0;97.0;211;27;3.0;3.0
11;84;94.0;103.0;188;21;8.0;9.0
1;88;96.0;114.0;192;12;17.0;18.0
9;94;96.0;97.0;209;2;2.0;1.0
14;92;97.0;102.0;197;24;3.0;5.0
9;92;97.0;101.0;203;24;3.0;4.0
17;95;97.95825888424106;99.95825888424106;212;17;2.0;2.0
3;98;98.0;117.0;216;4;22.0;19.0
2;98;98.0;106.0;215;18;8.0;8.0
10;98;98.78767896388686;99.78767896388686;217;28;2.0;1.0
19;92;99.0;101.0;200;26;1.0;2.0
7;98;99.0;103.0;219;17;7.0;4.0
10;99;99.78767896388686;105.78767896388686;220;20;6.0;6.0
4;92;99.89878107866404;100.89878107866404;195;10;1.0;1.0
17;95;99.95825888424106;103.95825888424106;213;19;3.0;4.0
4;100;100.89878107866404;123.89878107866404;224;15;24.0;23.0
19;100;101.0;105.0;223;24;4.0;4.0
18;92;101.0;108.0;204;3;7.0;7.0
9;101;101.0;105.0;225;15;3.0;4.0
13;100;101.97967936374076;110.97967936374076;221;20;8.0;9.0
0;102;102.0;117.0;228;7;16.0;15.0
15;92;102.0;103.0;205;4;1.0;1.0
14;102;102.0;106.0;229;11;3.0;4.0
15;100;103.0;104.0;222;17;1.0;1.0
11;95;103.0;104.0;214;0;1.0;1.0
7;102;103.0;116.0;227;20;13.0;13.0
17;101;103.95825888424106;111.95825888424106;226;3;8.0;8.0
15;104;104.0;108.0;233;11;3.0;4.0
11;92;104.0;111.0;202;25;7.0;7.0
19;105;105.0;118.0;242;17;13.0;13.0
9;105;105.0;117.0;235;20;13.0;12.0
10;105;105.78767896388686;124.78767896388686;239;8;19.0;19.0
14;106;106.0;134.0;248;12;26.0;28.0
2;104;106.0;108.0;232;13;6.0;2.0
12;92;107.0;108.0;194;22;1.0;1.0
6;104;107.0;109.0;234;10;2.0;2.0
12;92;108.0;111.0;198;16;4.0;3.0
18;104;108.0;116.0;231;21;8.0;8.0
15;94;108.0;121.0;210;25;12.0;13.0
2;98;108.0;123.0;218;25;13.0;15.0
16;104;109.0;113.0;230;25;5.0;4.0
6;94;109.0;118.0;207;26;8.0;9.0
13;105;110.97967936374076;113.97967936374076;238;21;3.0;3.0
12;106;111.0;114.0;245;11;2.0;3.0
17;106;111.95825888424106;112.95825888424106;247;23;1.0;1.0
17;108;112.95825888424106;114.95825888424106;250;6;2.0;2.0
16;113;113.0;119.0;253;27;4.0;6.0
13;112;113.97967936374076;114.97967936374076;251;11;3.0;1.0
12;114;114.0;121.0;256;9;8.0;7.0
1;105;114.0;120.0;237;29;7.0;6.0
17;106;114.95825888424106;117.95825888424106;244;19;3.0;3.0
13;105;114.97967936374076;122.97967936374076;240;10;8.0;8.0
18;114;116.0;136.0;257;14;20.0;20.0
7;106;116.0;119.0;249;28;4.0;3.0
0;113;117.0;124.0;252;26;7.0;7.0
3;105;117.0;132.0;241;10;14.0;15.0
9;106;117.0;120.0;246;10;4.0;3.0
5;113;117.75329476255695;125.75329476255695;255;26;7.0;8.0
17;113;117.95825888424106;121.95825888424106;254;5;3.0;4.0
19;118;118.0;143.0;259;4;23.0;25.0
6;118;118.0;129.0;261;1;10.0;11.0
16;118;119.0;126.0;258;13;8.0;7.0
7;118;119.0;127.0;260;17;7.0;8.0
1;120;120.0;137.0;268;19;17.0;17.0
9;120;120.0;124.0;269;1;6.0;4.0
12;119;121.0;147.0;262;29;26.0;26.0
15;120;121.0;131.0;271;27;7.0;10.0
17;120;121.95825888424106;122.95825888424106;266;6;2.0;1.0
17;122;122.95825888424106;150.95825888424105;279;11;27.0;27.999999999999986
13;120;122.97967936374076;124.97967936374076;273;21;3.0;2.0
2;120;123.0;124.0;275;9;2.0;1.0
4;120;123.89878107866404;143.89878107866406;265;2;17.0;20.000000000000014
0;120;124.0;127.0;267;25;4.0;3.0
9;120;124.0;125.0;278;2;2.0;1.0
2;120;124.0;142.0;263;19;17.0;18.0
10;120;124.78767896388686;125.78767896388686;274;29;1.0;1.0
13;120;124.97967936374076;126.97967936374076;270;24;4.0;2.0
9;125;125.0;136.0;282;25;12.0;11.0
5;120;125.75329476255695;131.75329476255695;272;27;5.0;6.0
10;122;125.78767896388686;130.78767896388686;280;20;6.0;5.0
16;126;126.0;134.0;285;11;9.0;8.0
11;125;126.7738373996908;138.77383739969082;283;20;11.0;12.000000000000014
13;120;126.97967936374076;145.97967936374076;276;19;20.0;19.0
0;125;127.0;141.0;281;19;15.0;14.0
7;126;127.0;133.0;284;2;6.0;6.0
6;128;129.0;142.0;287;16;13.0;13.0
10;128;130.78767896388686;149.78767896388686;288;2;19.0;19.0
15;127;131.0;157.0;286;16;28.0;26.0
5;129;131.75329476255695;146.75329476255695;289;16;17.0;15.0
8;134;134.0;135.0;290;2;5.0;1.0
3;134;134.0;154.0;291;25;21.0;20.0
8;136;136.0;163.0;293;12;26.0;27.0
14;136;136.0;155.0;294;7;19.0;19.0
16;136;136.0;144.0;292;16;9.0;8.0
18;137;137.0;162.0;295;27;24.0;25.0
1;137;137.0;140.0;296;16;3.0;3.0
7;138;138.0;156.0;298;3;21.0;18.0
11;140;140.0;144.0;299;7;4.0;4.0
1;140;140.0;160.0;300;4;20.0;20.0
0;141;141.0;156.0;302;16;15.0;15.0
9;141;141.0;146.0;301;10;4.0;5.0
2;142;142.0;143.0;304;11;2.0;1.0
6;142;142.0;148.0;305;8;4.0;6.0
19;142;143.0;148.0;306;9;5.0;5.0
2;142;143.0;146.0;308;9;2.0;3.0
4;142;143.89878107866406;145.89878107866406;309;13;3.0;2.0
11;144;144.0;170.0;311;4;24.0;26.0
16;144;144.0;149.0;312;13;8.0;5.0
4;144;145.89878107866406;146.89878107866406;310;10;1.0;1.0
13;144;145.97967936374076;151.97967936374076;313;8;5.0;6.0
9;146;146.0;156.0;316;25;12.0;10.0
2;146;146.0;153.0;314;2;6.0;7.0
5;146;146.75329476255695;147.75329476255695;315;24;2.0;1.0
4;142;146.89878107866406;168.89878107866406;303;0;21.0;22.0
5;142;147.75329476255695;162.75329476255695;307;29;15.0;15.0
19;148;148.0;162.0;318;14;14.0;14.0
6;148;148.0;152.0;317;5;4.0;4.0
17;151;151.0;170.0;320;25;20.0;19.0
10;151;151.0;171.0;319;19;21.0;20.0
16;154;154.0;163.0;321;11;9.0;9.0
0;156;156.0;183.0;322;3;28.0;27.0
13;159;159.0;181.0;323;29;21.0;22.0
3;159;159.0;165.0;324;16;7.0;6.0
14;159;159.0;182.0;325;28;25.0;23.0
12;160;160.0;162.0;330;11;2.0;2.0
9;160;160.0;169.0;332;21;9.0;9.0
15;160;160.0;161.0;326;5;3.0;1.0
2;160;160.0;163.0;327;11;2.0;3.0
6;160;160.0;164.0;328;14;4.0;4.0
1;160;160.0;170.0;331;14;13.0;10.0
15;161;161.0;162.0;335;8;1.0;1.0
12;161;162.0;165.0;333;11;2.0;3.0
15;161;162.0;163.0;336;4;1.0;1.0
18;161;162.0;168.0;337;3;7.0;6.0
5;161;162.75329476255695;178.75329476255695;334;16;17.0;16.0
8;163;163.0;166.0;338;26;5.0;3.0
16;160;163.0;169.0;329;25;5.0;6.0
15;164;164.0;184.0;342;24;19.0;20.0
2;164;164.0;166.0;339;11;2.0;2.0
6;164;164.0;166.0;341;22;2.0;2.0
12;165;165.0;177.0;346;25;13.0;12.0
3;164;165.0;170.0;340;11;8.0;5.0
8;166;166.0;175.0;347;5;6.0;9.0
2;166;166.0;171.0;351;13;6.0;5.0
6;166;166.0;186.0;348;29;21.0;20.0
18;166;168.0;178.0;352;19;13.0;10.0
4;166;168.89878107866406;195.89878107866406;354;14;28.0;27.0
16;168;169.0;184.0;355;20;15.0;15.0
9;166;169.0;197.0;349;17;27.0;28.0
17;168;170.0;175.0;356;5;3.0;5.0
11;166;170.0;173.0;353;0;1.0;3.0
3;170;170.0;179.0;357;16;7.0;9.0
1;170;170.0;180.0;358;20;11.0;10.0
10;166;171.0;189.0;350;25;18.0;18.0
2;165;171.0;172.0;343;7;1.0;1.0
2;165;172.0;197.0;345;24;25.0;25.0
11;173;173.0;198.0;361;13;23.0;25.0
7;173;173.82954281815557;181.82954281815557;360;13;9.0;8.0
8;174;175.0;181.0;367;5;6.0;6.0
17;175;175.0;190.0;370;15;15.0;15.0
12;174;177.0;180.0;369;11;2.0;3.0
18;174;178.0;187.0;366;16;11.0;9.0
5;177;178.75329476255695;181.75329476255695;373;2;5.0;3.0
3;177;179.0;181.0;371;17;2.0;2.0
12;173;180.0;185.0;362;16;4.0;5.0
1;174;180.0;182.0;364;16;3.0;2.0
8;177;181.0;186.0;374;27;4.0;5.0
13;173;181.0;189.0;359;10;8.0;8.0
3;178;181.0;187.0;376;29;5.0;6.0
5;174;181.75329476255695;196.75329476255695;368;20;14.0;15.0
7;178;181.82954281815557;193.82954281815557;375;20;13.0;12.0
14;182;182.0;204.0;380;10;17.0;22.0
1;177;182.0;199.0;372;25;18.0;17.0
0;183;183.0;202.0;382;29;20.0;19.0
16;174;184.0;204.0;365;7;21.0;20.0
15;182;184.0;188.0;379;18;4.0;4.0
12;185;185.0;211.0;383;6;26.0;26.0
8;186;186.0;193.0;384;11;8.0;7.0
6;186;186.0;188.0;386;14;4.0;2.0
3;187;187.0;205.0;387;1;17.0;18.0
18;187;187.0;193.0;390;3;7.0;6.0
15;187;188.0;189.0;391;8;1.0;1.0
6;187;188.0;189.0;389;22;2.0;1.0
10;186;189.0;196.0;385;1;6.0;7.0
13;187;189.0;204.0;388;7;14.0;15.0
15;189;189.0;190.0;392;1;2.0;1.0
6;182;189.0;217.0;381;25;27.0;28.0
17;190;190.0;208.0;393;20;17.0;18.0
15;192;192.0;194.0;394;4;1.0;2.0
8;193;193.0;198.0;409;26;5.0;5.0
18;193;193.0;213.0;398;14;20.0;20.0
7;193;193.82954281815557;214.82954281815557;423;5;21.0;21.0
15;193;194.0;206.0;400;25;12.0;12.0
4;193;195.89878107866406;210.89878107866406;406;2;17.0;15.0
10;193;196.0;210.0;415;6;14.0;14.0
5;193;196.75329476255695;199.75329476255695;404;23;1.0;3.0
9;197;197.0;223.0;426;17;27.0;26.0
2;193;197.0;198.0;410;7;1.0;1.0
8;193;198.0;203.0;416;16;3.0;5.0
11;193;198.0;204.0;419;7;4.0;6.0
2;193;198.0;199.0;412;5;1.0;1.0
2;194;199.0;201.0;424;5;1.0;2.0
1;193;199.0;207.0;411;29;7.0;8.0
5;193;199.75329476255695;200.75329476255695;407;24;2.0;1.0
5;193;200.75329476255695;203.75329476255695;414;9;3.0;3.0
2;193;201.0;207.0;403;2;6.0;6.0
0;193;202.0;205.0;418;14;2.0;3.0
8;193;203.0;206.0;402;27;4.0;3.0
5;192;203.75329476255695;214.75329476255695;396;17;11.0;11.0
11;204;204.0;209.0;431;11;4.0;5.0
13;204;204.0;207.0;432;11;3.0;3.0
16;192;204.0;213.0;395;18;8.0;9.0
14;200;204.0;205.0;430;8;2.0;1.0
0;193;205.0;213.0;399;20;10.0;8.0
14;193;205.0;212.0;417;13;9.0;7.0
8;192;206.0;217.0;397;17;10.0;11.0
15;193;206.0;207.0;405;17;1.0;1.0
13;207;207.0;220.0;442;5;14.0;13.0
15;193;207.0;221.0;401;12;14.0;14.0
2;193;207.0;216.0;420;12;9.0;9.0
1;193;207.0;214.0;413;21;8.0;7.0
17;208;208.0;233.0;443;9;25.0;25.0
11;193;209.0;214.0;408;3;9.0;5.0
10;210;210.0;223.0;448;21;12.0;13.0
4;193;210.89878107866406;240.89878107866406;421;20;29.0;30.0
12;208;211.0;220.0;444;20;8.0;9.0
14;195;212.0;213.0;425;8;2.0;1.0
0;205;213.0;217.0;436;25;4.0;4.0
16;205;213.0;214.0;437;22;3.0;1.0
14;200;213.0;215.0;428;29;3.0;2.0
18;206;213.0;215.0;439;9;2.0;2.0
11;205;214.0;218.0;433;11;4.0;4.0
16;200;214.0;221.0;429;18;8.0;7.0
1;206;214.0;227.0;441;3;12.0;13.0
5;206;214.75329476255695;217.75329476255695;440;24;2.0;3.0
7;205;214.82954281815557;219.82954281815557;434;28;4.0;5.0
14;206;215.0;234.0;438;7;19.0;19.0
18;209;215.0;230.0;446;19;13.0;15.0
2;210;216.0;219.0;447;5;1.0;3.0
8;217;217.0;233.0;460;15;17.0;16.0
0;213;217.0;222.0;454;14;2.0;5.0
6;212;217.0;220.0;453;5;4.0;3.0
5;213;217.75329476255695;225.75329476255695;455;12;11.0;8.0
2;219;219.0;226.0;468;2;6.0;7.0
7;218;219.82954281815557;231.82954281815557;464;1;13.0;12.0
12;218;220.0;225.0;463;28;5.0;5.0
13;219;220.0;225.0;466;9;3.0;5.0
6;217;220.0;222.0;461;8;4.0;2.0
16;211;221.0;225.0;451;25;5.0;4.0
15;211;221.0;223.0;449;18;4.0;2.0
0;219;222.0;223.0;467;14;2.0;1.0
6;222;222.0;226.0;470;8;4.0;4.0
0;223;223.0;238.0;474;7;16.0;15.0
10;222;223.0;224.0;472;5;1.0;1.0
15;222;223.0;225.0;473;8;1.0;2.0
9;216;223.0;238.0;457;25;12.0;15.0
10;223;224.0;231.0;475;0;8.0;7.0
12;222;225.0;228.0;469;16;4.0;3.0
13;216;225.0;229.0;459;12;4.0;4.0
16;211;225.0;233.0;450;13;8.0;8.0
15;216;225.0;229.0;456;18;4.0;4.0
5;222;225.75329476255695;241.75329476255695;471;12;11.0;16.0
2;216;226.0;241.0;458;19;17.0;15.0
6;224;226.0;229.0;477;10;2.0;3.0
1;227;227.0;247.0;478;4;20.0;20.0
12;228;228.0;230.0;480;15;1.0;2.0
13;228;229.0;231.0;481;11;3.0;2.0
15;228;229.0;241.0;484;19;12.0;12.0
6;228;229.0;240.0;483;24;11.0;11.0
12;228;230.0;241.0;485;25;13.0;11.0
18;228;230.0;248.0;479;6;16.0;18.0
10;231;231.0;234.0;488;28;2.0;3.0
13;231;231.0;235.0;492;8;5.0;4.0
7;231;231.82954281815557;240.82954281815557;490;17;7.0;9.0
8;231;233.0;237.0;487;23;4.0;4.0
17;231;233.0;234.0;491;17;2.0;1.0
16;231;233.0;243.0;489;14;8.0;10.0
17;228;234.0;246.0;482;0;9.0;12.0
10;231;234.0;247.0;486;4;13.0;13.0
14;231;234.0;235.0;493;8;2.0;1.0
13;235;235.0;247.0;496;17;12.0;12.0
14;235;235.0;240.0;497;29;3.0;5.0
8;237;237.0;240.0;502;27;4.0;3.0
0;237;238.0;244.0;500;1;4.0;6.0
9;231;238.0;241.0;494;8;3.0;3.0
8;239;240.0;267.0;510;12;26.0;27.0
14;231;240.0;244.0;495;8;2.0;4.0
6;237;240.0;241.0;499;22;2.0;1.0
7;237;240.82954281815557;245.82954281815557;503;18;5.0;5.0
4;238;240.89878107866406;243.89878107866406;504;5;4.0;3.0
12;241;241.0;267.0;517;13;28.0;26.0
15;239;241.0;244.0;506;5;3.0;3.0
9;235;241.0;245.0;498;24;3.0;4.0
2;239;241.0;249.0;512;18;8.0;8.0
6;239;241.0;246.0;508;14;4.0;5.0
5;239;241.75329476255695;247.75329476255695;509;27;5.0;6.0
16;237;243.0;249.0;501;25;5.0;6.0
19;239;243.18590848225628;259.1859084822563;513;29;16.0;16.00000000000003
4;239;243.89878107866406;267.89878107866406;505;12;23.0;24.0
0;244;244.0;255.0;525;12;10.0;11.0
15;244;244.0;261.0;523;28;16.0;17.0
14;239;244.0;266.0;507;19;22.0;22.0
9;239;245.0;259.0;514;20;13.0;14.0
7;239;245.82954281815557;269.8295428181556;511;19;22.0;24.0
17;244;246.0;247.0;522;23;1.0;1.0
6;241;246.0;250.0;518;10;2.0;4.0
17;247;247.0;261.0;526;1;17.0;14.0
10;243;247.0;253.0;520;20;6.0;6.0
13;244;247.0;252.0;521;6;10.0;5.0
1;241;247.0;260.0;519;14;13.0;13.0
5;241;247.75329476255695;276.75329476255695;516;4;29.0;29.0
18;248;248.0;256.0;528;11;12.0;8.0
16;248;249.0;255.0;527;25;5.0;6.0
10;254;254.0;267.0;530;10;15.0;13.0
13;254;254.0;277.0;529;23;25.0;23.0
0;257;257.0;267.0;541;15;10.0;10.0
2;257;257.0;261.0;532;9;2.0;4.0
6;257;257.0;258.0;538;22;2.0;1.0
16;257;257.0;286.0;531;5;28.0;29.0
18;257;257.0;265.0;536;21;8.0;8.0
6;257;258.0;260.0;534;22;2.0;2.0
19;257;259.1859084822563;260.1859084822563;540;28;1.0;1.0
6;260;260.0;275.0;543;6;12.0;15.0
1;257;260.0;263.0;533;0;3.0;3.0
19;257;260.1859084822563;277.1859084822563;539;16;17.0;17.0
17;261;261.0;265.0;544;12;5.0;4.0
2;257;261.0;272.0;537;4;10.0;11.0
15;261;261.0;273.0;545;25;12.0;12.0
1;257;263.0;266.0;535;0;3.0;3.0
17;264;265.0;268.0;550;5;3.0;3.0
18;264;265.0;267.0;551;9;2.0;2.0
14;263;266.0;267.0;546;8;2.0;1.0
1;258;266.0;269.0;542;0;3.0;3.0
8;264;267.0;278.0;548;4;10.0;11.0
12;264;267.0;276.0;547;21;8.0;9.0
0;264;267.0;274.0;549;17;11.0;7.0
17;268;268.0;274.0;553;12;5.0;6.0
4;268;268.0;280.0;552;7;12.0;12.0
7;271;271.0;277.0;557;2;6.0;6.0
10;271;271.0;277.0;554;17;7.0;6.0
14;271;271.0;289.0;561;15;17.0;18.0
18;271;271.0;278.0;565;12;7.0;7.0
1;271;271.0;282.0;566;20;11.0;11.0
2;271;272.0;277.0;555;13;6.0;5.0
3;271;272.1177344210274;281.1177344210274;562;14;8.0;9.0
15;273;273.0;279.0;567;10;8.0;6.0
17;273;274.0;284.0;568;10;10.0;10.0
0;274;274.0;275.0;571;14;2.0;1.0
0;275;275.0;285.0;575;17;11.0;10.0
6;275;275.0;300.0;574;21;24.0;25.0
12;276;276.0;301.0;578;29;26.0;25.0
5;271;276.75329476255695;278.75329476255695;558;24;2.0;2.0
7;277;277.0;306.0;582;4;29.0;29.0
10;277;277.0;285.0;581;23;8.0;8.0
2;277;277.0;304.0;583;26;29.0;27.0
13;273;277.0;278.0;569;21;3.0;1.0
19;271;277.1859084822563;278.1859084822563;556;26;1.0;1.0
11;276;277.1935196233999;280.1935196233999;576;0;1.0;3.0
8;274;278.0;287.0;573;25;9.0;9.0
13;271;278.0;290.0;563;28;11.0;12.0
19;271;278.1859084822563;288.1859084822563;559;22;11.0;10.0
5;277;278.75329476255695;287.75329476255695;580;14;7.0;9.0
15;276;279.0;291.0;577;25;12.0;12.0
4;271;280.0;281.0;560;22;6.0;1.0
11;271;280.1935196233999;292.1935196233999;564;22;12.0;12.0
9;276;280.9358222104329;308.9358222104329;579;19;29.0;28.0
4;281;281.0;290.0;586;3;11.0;9.0
3;281;281.1177344210274;296.1177344210274;584;13;15.0;15.0
1;281;282.0;303.0;585;1;22.0;21.0
17;284;284.0;293.0;589;3;8.0;9.0
0;284;285.0;294.0;588;15;10.0;9.0
10;284;285.0;304.0;587;2;19.0;19.0
16;284;286.0;299.0;591;8;14.0;13.0
8;284;287.0;304.0;590;9;16.0;17.0
5;287;287.75329476255695;295.75329476255695;592;26;7.0;8.0
19;290;290.0;291.0;594;1;3.0;1.0
4;290;290.0;306.0;597;2;17.0;16.0
14;290;290.0;302.0;598;16;12.0;12.0
13;290;290.0;316.0;593;23;25.0;26.0
19;290;291.0;308.0;595;23;18.0;17.0
15;292;292.0;300.0;599;9;8.0;8.0
11;296;296.0;309.0;601;22;12.0;13.0
17;296;296.0;315.0;600;4;17.0;19.0
3;298;298.0;320.0;603;5;22.0;22.0
0;298;298.0;307.0;602;27;9.0;9.0
5;298;298.0;326.0;604;5;25.0;28.0
16;299;299.0;315.0;608;28;18.0;16.0
6;300;300.0;303.0;610;8;4.0;3.0
15;299;300.0;301.0;607;8;1.0;1.0
12;301;301.0;309.0;612;9;8.0;8.0
15;299;301.0;305.0;605;5;3.0;4.0
14;302;302.0;309.0;616;5;6.0;7.0
6;299;303.0;305.0;606;22;2.0;2.0
1;302;303.0;320.0;615;19;17.0;17.0
8;302;304.0;314.0;613;4;10.0;10.0
10;300;304.0;327.0;609;7;22.0;23.0
2;300;304.0;305.0;611;7;1.0;1.0
2;302;305.0;330.0;614;24;25.0;25.0
7;306;306.0;311.0;617;17;7.0;5.0
0;307;307.0;312.0;620;6;8.0;5.0
4;307;307.0;324.0;618;27;17.0;17.0
6;307;307.0;313.0;619;28;6.0;6.0
15;307;307.0;312.0;622;27;7.0;5.0
19;308;308.0;312.0;623;27;6.0;4.0
9;307;308.9358222104329;317.9358222104329;621;7;7.0;9.0
11;309;309.0;310.0;626;0;1.0;1.0
12;308;309.0;313.0;624;16;4.0;4.0
14;309;309.0;333.0;627;6;25.0;24.0
11;310;310.0;319.0;628;1;9.0;9.0
7;310;311.0;318.0;630;2;6.0;7.0
19;310;312.0;325.0;629;17;13.0;13.0
0;310;312.0;319.0;632;6;8.0;7.0
15;310;312.0;313.0;631;5;3.0;1.0
12;308;313.0;320.0;625;20;8.0;7.0
8;315;315.0;320.0;633;26;5.0;5.0
17;316;316.0;335.0;635;24;22.0;19.0
6;316;316.0;326.0;634;6;12.0;10.0
9;318;318.0;326.0;638;21;9.0;8.0
7;318;318.0;339.0;637;25;23.0;21.0
15;318;318.0;319.0;636;4;1.0;1.0
11;319;319.0;322.0;643;7;4.0;3.0
0;319;319.0;328.0;642;24;9.0;9.0
15;319;319.0;326.0;639;10;8.0;7.0
16;319;319.0;322.0;644;22;3.0;3.0
13;319;319.0;321.0;641;12;4.0;2.0
8;320;320.0;329.0;646;25;9.0;9.0
3;320;320.0;325.0;647;29;5.0;5.0
12;320;320.0;325.0;648;16;4.0;5.0
1;319;320.0;337.0;640;10;18.0;17.0
13;320;321.0;325.0;645;18;5.0;4.0
11;323;323.0;333.0;649;23;11.0;10.0
19;326;326.0;331.0;650;9;5.0;5.0
3;327;327.0;341.0;651;9;13.0;14.0
9;327;327.0;332.0;652;2;2.0;5.0
8;331;331.0;339.0;659;25;9.0;8.0
19;331;331.0;335.0;660;1;3.0;4.0
12;331;331.0;339.0;658;23;7.0;8.0
0;331;331.0;332.0;653;14;2.0;1.0
5;331;331.0;345.0;657;20;14.0;14.0
4;331;331.0;347.0;654;21;17.0;16.0
16;331;331.0;343.0;655;6;10.0;12.0
9;332;332.0;334.0;662;15;3.0;2.0
0;332;332.0;333.0;663;14;2.0;1.0
6;332;332.0;348.0;661;27;17.0;16.0
19;335;335.0;355.0;664;5;20.0;20.0
11;335;335.0;364.0;665;15;29.0;29.0
17;335;335.0;353.0;666;22;18.0;18.0
9;335;335.0;339.0;667;8;3.0;4.0
0;335;335.0;361.0;668;22;28.0;26.0
15;336;336.0;339.0;669;1;2.0;3.0
13;336;336.0;352.0;670;5;14.0;16.0
10;336;336.0;337.0;674;29;1.0;1.0
2;336;336.0;339.0;672;13;6.0;3.0
14;336;336.0;361.0;673;25;26.0;25.0
10;336;337.0;342.0;675;23;8.0;5.0
1;338;338.0;351.0;676;3;12.0;13.0
8;339;339.0;360.0;677;13;22.0;21.0
9;340;340.0;355.0;681;20;13.0;15.0
12;340;340.0;367.0;682;12;29.0;27.0
15;340;340.0;342.0;678;11;3.0;2.0
7;340;340.0;359.0;679;16;20.0;19.0
2;340;340.0;352.0;680;25;13.0;12.0
3;342;342.0;344.0;683;17;2.0;2.0
15;342;342.0;358.0;687;29;14.0;16.0
10;342;342.0;343.0;684;5;1.0;1.0
16;343;343.0;353.0;688;18;8.0;10.0
3;344;344.0;351.0;689;24;10.0;7.0
5;344;345.0;373.0;690;25;28.0;28.0
4;347;347.0;359.0;696;4;13.0;12.0
6;347;348.0;356.0;695;26;8.0;8.0
3;350;351.0;359.0;700;8;6.0;8.0
1;342;351.0;362.0;686;14;13.0;11.0
13;352;352.0;372.0;708;2;20.0;20.0
2;352;352.0;375.0;710;15;24.0;23.0
17;344;353.0;372.0;691;24;22.0;19.0
16;350;353.0;358.0;698;13;8.0;5.0
19;347;355.0;357.0;697;26;1.0;2.0
9;354;355.0;356.0;712;24;3.0;1.0
9;356;356.0;359.0;720;2;2.0;3.0
6;356;356.0;377.0;717;29;21.0;21.0
19;357;357.0;382.0;725;20;25.0;25.0
15;356;358.0;376.0;713;26;19.0;18.0
16;356;358.0;363.0;714;13;8.0;5.0
3;352;359.0;369.0;702;19;9.0;10.0
9;356;359.0;360.0;718;2;2.0;1.0
4;347;359.0;360.0;694;10;1.0;1.0
7;357;359.0;363.0;723;28;4.0;4.0
8;360;360.0;387.0;729;19;26.0;27.0
9;356;360.0;364.0;716;15;3.0;4.0
4;350;360.0;363.0;699;13;3.0;3.0
0;352;361.0;364.0;709;1;4.0;3.0
14;356;361.0;366.0;715;4;5.0;5.0
1;362;362.0;380.0;734;5;17.0;18.0
16;363;363.0;366.0;739;25;5.0;3.0
4;360;363.0;368.0;731;5;4.0;5.0
7;347;363.0;368.0;693;18;5.0;5.0
11;356;364.0;372.0;719;21;8.0;8.0
9;357;364.0;373.0;724;26;9.0;9.0
0;352;364.0;373.0;705;12;10.0;9.0
16;352;366.0;373.0;706;18;8.0;7.0
14;362;366.0;369.0;735;29;3.0;3.0
12;357;367.0;373.0;722;23;7.0;6.0
18;366;367.03835370398303;377.03835370398303;741;23;12.0;10.0
4;359;368.0;396.0;726;20;29.0;28.0
7;360;368.0;372.0;733;0;8.0;4.0
3;369;369.0;389.0;742;2;19.0;20.0
14;360;369.0;372.0;728;29;3.0;3.0
11;372;372.0;386.0;746;19;15.0;14.0
17;372;372.0;389.0;748;15;15.0;17.0
13;360;372.0;373.0;732;21;3.0;1.0
7;372;372.0;381.0;744;13;9.0;9.0
14;362;372.0;373.0;738;24;3.0;1.0
9;373;373.0;402.0;749;17;27.0;29.0
12;373;373.0;381.0;750;17;8.0;8.0
0;362;373.0;378.0;736;25;4.0;5.0
13;372;373.0;382.0;745;24;4.0;9.0
5;373;373.0;379.0;752;26;7.0;6.0
16;373;373.0;384.0;751;6;10.0;11.0
14;372;373.0;376.0;747;29;3.0;3.0
2;360;375.0;394.0;727;10;21.0;19.0
15;376;376.0;378.0;756;4;1.0;2.0
14;376;376.0;379.0;755;11;3.0;3.0
6;377;377.0;391.0;764;12;15.0;14.0
18;376;377.03835370398303;385.03835370398303;759;3;7.0;8.0
0;378;378.0;385.0;768;26;7.0;7.0
15;376;378.0;380.0;754;4;1.0;2.0
5;378;379.0;401.0;765;0;21.0;22.0
14;376;379.0;404.0;761;6;25.0;25.0
15;372;380.0;397.0;743;3;18.0;17.0
1;376;380.0;384.0;753;16;3.0;4.0
12;381;381.0;392.0;773;8;12.0;11.0
7;378;381.0;386.0;767;2;6.0;5.0
19;382;382.0;387.0;780;27;6.0;5.0
13;380;382.0;387.0;772;8;5.0;5.0
16;383;384.0;406.0;787;9;21.0;22.0
1;379;384.0;388.0;769;0;3.0;4.0
0;376;385.0;387.0;763;1;4.0;2.0
18;376;385.03835370398303;391.03835370398303;757;3;7.0;6.0
11;383;386.0;392.0;783;7;4.0;6.0
7;385;386.0;388.0;788;11;2.0;2.0
8;382;387.0;390.0;781;16;3.0;3.0
19;382;387.0;388.0;778;26;1.0;1.0
0;379;387.0;393.0;770;25;4.0;6.0
13;382;387.0;390.0;779;8;5.0;3.0
19;385;388.0;389.0;792;28;1.0;1.0
7;387;388.0;393.0;795;28;4.0;5.0
1;387;388.0;390.0;794;15;1.0;2.0
19;389;389.0;395.0;800;27;6.0;6.0
3;389;389.0;417.0;798;7;29.0;28.0
17;389;389.0;397.0;797;27;8.0;8.0
8;389;390.0;413.0;801;13;22.0;23.0
13;383;390.0;394.0;784;8;5.0;4.0
1;382;390.0;393.0;782;6;4.0;3.0
6;382;391.0;392.0;777;22;2.0;1.0
18;376;391.03835370398303;400.03835370398303;762;3;7.0;9.0
11;385;392.0;400.0;789;25;7.0;8.0
12;387;392.0;395.0;796;22;1.0;3.0
6;387;392.0;396.0;793;10;2.0;4.0
0;381;393.0;397.0;775;1;4.0;4.0
7;382;393.0;401.0;776;13;9.0;8.0
1;383;393.0;405.0;786;20;11.0;12.0
13;394;394.0;420.0;808;23;25.0;26.0
2;376;394.0;396.0;758;5;1.0;2.0
19;389;395.0;397.0;799;1;3.0;2.0
12;376;395.0;402.0;760;23;7.0;7.0
4;380;396.0;399.0;771;5;4.0;3.0
6;381;396.0;415.0;774;23;15.0;19.0
2;378;396.0;414.0;766;27;19.0;18.0
19;385;397.0;415.0;790;23;18.0;18.0
17;392;397.0;399.0;803;17;2.0;2.0
0;392;397.0;406.0;804;27;9.0;9.0
15;392;397.0;398.0;806;17;1.0;1.0
15;395;398.0;399.0;812;17;1.0;1.0
17;398;399.0;414.0;813;15;15.0;15.0
15;398;399.0;404.0;814;18;4.0;5.0
4;395;399.0;407.0;810;22;6.0;8.0
11;392;400.0;422.0;807;2;22.0;22.0
18;395;400.03835370398303;406.03835370398303;811;9;2.0;6.0
5;401;401.0;424.0;819;11;23.0;23.0
7;401;401.0;409.0;815;8;11.0;8.0
10;401;401.86531910254376;414.86531910254376;817;10;15.0;13.0
9;401;402.0;412.0;818;25;12.0;10.0
12;402;402.0;405.0;820;16;4.0;3.0
15;403;404.0;410.0;821;7;8.0;6.0
14;403;404.0;422.0;823;15;17.0;18.0
12;405;405.0;433.0;827;12;29.0;28.0
1;405;405.0;416.0;834;20;11.0;11.0
0;405;406.0;410.0;830;11;5.0;4.0
16;405;406.0;420.0;833;4;15.0;14.0
18;403;406.03835370398303;416.03835370398303;825;23;12.0;10.0
4;407;407.0;436.0;837;20;29.0;29.0
7;403;409.0;427.0;824;10;19.0;18.0
0;403;410.0;424.0;822;19;15.0;14.0
15;405;410.0;411.0;828;8;1.0;1.0
15;405;411.0;413.0;832;8;1.0;2.0
9;407;412.0;418.0;836;10;4.0;6.0
8;413;413.0;428.0;846;28;15.0;15.0
15;413;413.0;435.0;844;24;19.0;22.0
17;414;414.0;433.0;848;20;17.0;19.0
2;414;414.0;422.0;850;8;8.0;8.0
10;414;414.86531910254376;441.86531910254376;849;22;24.0;27.0
19;413;415.0;439.0;845;11;25.0;24.0
6;408;415.0;419.0;839;22;2.0;4.0
1;405;416.0;417.0;826;16;3.0;1.0
18;407;416.03835370398303;425.03835370398303;835;17;8.0;9.0
3;417;417.0;439.0;857;5;22.0;22.0
1;417;417.0;418.0;856;16;3.0;1.0
9;417;418.0;426.0;854;8;3.0;8.0
1;414;418.0;421.0;851;0;3.0;3.0
6;413;419.0;420.0;842;10;2.0;1.0
13;419;420.0;424.0;863;9;3.0;4.0
16;419;420.0;425.0;865;22;3.0;5.0
6;419;420.0;424.0;864;5;4.0;4.0
1;419;421.0;422.0;867;15;1.0;1.0
11;408;422.0;426.0;840;7;4.0;4.0
2;419;422.0;433.0;860;4;10.0;11.0
14;414;422.0;425.0;852;29;3.0;3.0
1;414;422.0;427.0;853;16;3.0;5.0
0;423;424.0;443.0;872;29;20.0;19.0
13;419;424.0;426.0;861;24;4.0;2.0
5;407;424.0;427.0;838;1;1.0;3.0
6;410;424.0;432.0;841;26;8.0;8.0
16;425;425.0;445.0;877;29;20.0;20.0
14;425;425.0;429.0;885;29;3.0;4.0
18;425;425.03835370398303;454.03835370398303;886;10;29.0;29.0
11;418;426.0;438.0;858;3;9.0;12.0
9;413;426.0;433.0;847;26;9.0;7.0
13;413;426.0;434.0;843;6;10.0;8.0
5;425;427.0;429.0;884;23;1.0;2.0
7;419;427.0;451.0;868;16;20.0;24.0
1;425;427.0;430.0;878;15;1.0;3.0
8;423;428.0;432.0;875;27;4.0;4.0
5;425;429.0;430.0;882;1;1.0;1.0
14;425;429.0;432.0;881;27;3.0;3.0
5;430;430.0;449.0;888;28;20.0;19.0
1;425;430.0;437.0;883;21;8.0;7.0
8;431;432.0;452.0;889;18;20.0;20.0
6;422;432.0;435.0;871;10;2.0;3.0
14;426;432.0;435.0;887;11;3.0;3.0
17;433;433.0;437.0;893;12;5.0;4.0
9;422;433.0;434.0;869;2;2.0;1.0
12;425;433.0;440.0;876;20;8.0;7.0
2;425;433.0;452.0;879;10;21.0;19.0
9;423;434.0;443.0;873;26;9.0;9.0
13;433;434.0;446.0;891;6;10.0;12.0
15;433;435.0;450.0;890;29;14.0;15.0
6;425;435.0;443.0;880;26;8.0;8.0
4;436;436.0;437.0;897;10;1.0;1.0
14;436;436.0;456.0;898;22;20.0;20.0
17;436;437.0;456.0;900;24;22.0;19.0
4;436;437.0;441.0;894;13;3.0;4.0
1;436;437.0;440.0;899;0;3.0;3.0
11;436;438.0;446.0;896;14;9.0;8.0
19;436;439.0;442.0;901;26;1.0;3.0
3;438;439.0;460.0;902;6;19.0;21.0
12;440;440.0;441.0;904;22;1.0;1.0
1;440;440.0;455.0;903;13;17.0;15.0
12;440;441.0;449.0;905;23;7.0;8.0
4;440;441.0;452.0;907;7;12.0;11.0
10;440;441.86531910254376;461.86531910254376;908;7;22.0;20.0
19;442;442.0;448.0;909;27;6.0;6.0
9;442;443.0;467.0;910;6;24.0;24.0
11;446;446.0;448.0;911;7;4.0;2.0
0;446;446.0;454.0;913;11;5.0;8.0
13;446;446.0;450.0;915;9;3.0;4.0
6;446;446.0;450.0;914;5;4.0;4.0
16;446;446.0;452.0;912;15;5.0;6.0
19;448;448.0;451.0;918;8;2.0;3.0
11;448;448.0;453.0;916;7;4.0;5.0
12;448;449.0;450.0;917;15;1.0;1.0
5;448;449.0;451.0;919;24;2.0;2.0
12;450;450.0;454.0;920;16;4.0;4.0
15;450;450.0;463.0;923;19;12.0;13.0
13;450;450.0;453.0;921;21;3.0;3.0
6;450;450.0;462.0;924;16;13.0;12.0
19;451;451.0;479.0;925;12;28.0;28.0
5;451;451.0;458.0;926;15;7.0;7.0
8;453;453.0;470.0;928;7;15.0;17.0
11;453;453.0;461.0;927;14;9.0;8.0
0;454;454.0;460.0;931;1;4.0;6.0
12;454;454.0;466.0;929;5;14.0;12.0
13;454;454.0;467.0;932;5;14.0;13.0
16;454;454.0;459.0;930;27;4.0;5.0
18;455;455.0;460.0;933;9;2.0;5.0
4;455;455.0;459.0;934;13;3.0;4.0
17;456;456.0;457.0;937;6;2.0;1.0
7;456;456.0;470.0;936;8;11.0;14.0
2;456;456.0;467.0;935;25;13.0;11.0
14;456;456.0;470.0;939;16;12.0;14.0
17;457;457.0;473.0;940;4;17.0;16.0
1;457;457.0;470.0;941;14;13.0;13.0
16;459;459.0;477.0;944;28;18.0;18.0
4;459;459.0;462.0;947;13;3.0;3.0
5;459;459.0;461.0;948;23;1.0;2.0
18;459;460.0;461.0;942;9;2.0;1.0
3;459;460.0;478.0;946;18;17.0;18.0
0;459;460.0;469.0;943;12;10.0;9.0
18;461;461.0;490.0;953;10;29.0;29.0
11;461;461.0;471.0;950;14;9.0;10.0
5;459;461.0;466.0;945;2;5.0;5.0
10;461;461.86531910254376;468.86531910254376;951;17;7.0;7.0
4;461;462.0;466.0;949;22;6.0;4.0
6;461;462.0;471.0;952;19;9.0;9.0
15;463;463.0;464.0;955;5;3.0;1.0
15;463;464.0;472.0;954;7;8.0;8.0
12;466;466.0;475.0;963;21;8.0;9.0
4;466;466.0;478.0;962;3;11.0;12.0
5;463;466.0;481.0;956;22;12.0;15.0
9;464;467.0;484.0;957;16;16.0;17.0
13;466;467.0;469.0;958;11;3.0;2.0
2;466;467.0;478.0;964;4;10.0;11.0
10;468;468.86531910254376;469.86531910254376;965;5;1.0;1.0
0;469;469.0;477.0;975;6;8.0;8.0
13;469;469.0;480.0;978;6;10.0;11.0
10;468;469.86531910254376;490.86531910254376;966;7;22.0;21.0
8;466;470.0;472.0;961;16;3.0;2.0
7;466;470.0;474.0;959;28;4.0;4.0
14;469;470.0;478.0;968;4;5.0;8.0
1;469;470.0;482.0;974;3;12.0;12.0
11;471;471.0;475.0;985;11;4.0;4.0
6;471;471.0;485.0;983;2;12.0;14.0
8;471;472.0;475.0;981;16;3.0;3.0
15;472;472.0;484.0;991;25;12.0;12.0
17;471;473.0;474.0;980;17;2.0;1.0
17;474;474.0;501.0;998;18;27.0;27.0
7;473;474.0;475.0;994;11;2.0;1.0
8;474;475.0;478.0;995;27;4.0;3.0
11;471;475.0;477.0;979;24;5.0;2.0
12;471;475.0;476.0;984;22;1.0;1.0
7;469;475.0;479.0;969;28;4.0;4.0
12;472;476.0;477.0;988;22;1.0;1.0
11;477;477.0;487.0;1000;20;11.0;10.0
0;466;477.0;479.0;960;14;2.0;2.0
12;469;477.0;481.0;972;28;5.0;4.0
16;469;477.0;485.0;967;14;8.0;8.0
8;478;478.0;495.0;1003;15;17.0;17.0
3;478;478.0;495.0;1002;18;17.0;17.0
4;472;478.0;481.0;987;13;3.0;3.0
2;472;478.0;483.0;990;13;6.0;5.0
14;469;478.0;487.0;976;4;5.0;9.0
19;479;479.0;496.0;1008;13;16.0;17.0
0;477;479.0;481.0;999;14;2.0;2.0
7;469;479.0;485.0;970;18;5.0;6.0
13;480;480.0;483.0;1010;9;3.0;3.0
0;481;481.0;492.0;1013;17;11.0;11.0
12;479;481.0;482.0;1005;15;1.0;1.0
4;469;481.0;489.0;977;1;7.0;8.0
5;472;481.0;482.0;989;1;1.0;1.0
12;474;482.0;491.0;996;21;8.0;9.0
5;471;482.0;491.0;982;12;11.0;9.0
1;479;482.0;489.0;1006;29;7.0;7.0
13;483;483.0;501.0;1018;1;20.0;18.0
2;483;483.0;503.0;1017;27;19.0;20.0
9;472;484.0;493.0;992;4;11.0;9.0
15;474;484.0;485.0;997;17;1.0;1.0
15;478;485.0;488.0;1001;17;1.0;3.0
16;469;485.0;512.0;971;19;28.0;27.0
7;483;485.0;490.0;1016;2;6.0;5.0
6;481;485.0;486.0;1014;10;2.0;1.0
6;486;486.0;500.0;1028;16;13.0;14.0
11;486;487.0;494.0;1032;21;8.0;7.0
14;486;487.0;505.0;1023;21;16.0;18.0
15;486;488.0;490.0;1022;8;1.0;2.0
4;489;489.0;514.0;1043;15;24.0;25.0
1;483;489.0;490.0;1019;15;1.0;1.0
18;488;490.0;491.0;1035;9;2.0;1.0
15;486;490.0;491.0;1031;4;1.0;1.0
7;486;490.0;491.0;1024;11;2.0;1.0
1;480;490.0;495.0;1011;16;3.0;5.0
10;486;490.86531910254376;491.86531910254376;1027;29;1.0;1.0
18;489;491.0;492.0;1041;9;2.0;1.0
12;490;491.0;493.0;1047;22;1.0;2.0
15;489;491.0;492.0;1036;4;1.0;1.0
7;487;491.0;493.0;1034;11;2.0;2.0
5;486;491.0;495.0;1029;23;1.0;4.0
10;486;491.86531910254376;492.86531910254376;1030;29;1.0;1.0
18;492;492.0;499.0;1058;3;7.0;7.0
0;492;492.0;507.0;1054;16;15.0;15.0
15;489;492.0;493.0;1039;17;1.0;1.0
10;489;492.86531910254376;493.86531910254376;1042;5;1.0;1.0
9;490;493.0;495.0;1048;2;2.0;2.0
12;492;493.0;494.0;1052;22;1.0;1.0
15;493;493.0;494.0;1061;17;1.0;1.0
7;489;493.0;496.0;1037;11;2.0;3.0
10;486;493.86531910254376;500.86531910254376;1026;20;6.0;7.0
11;494;494.0;519.0;1064;2;22.0;25.0
12;490;494.0;499.0;1044;16;4.0;5.0
15;493;494.0;496.0;1060;1;2.0;2.0
8;492;495.0;503.0;1055;6;7.0;8.0
3;489;495.0;499.0;1040;14;8.0;4.0
9;493;495.0;498.0;1059;24;3.0;3.0
5;492;495.0;504.0;1050;14;7.0;9.0
1;489;495.0;504.0;1038;21;8.0;9.0
19;486;496.0;504.0;1025;10;5.0;8.0
15;490;496.0;503.0;1049;10;8.0;7.0
7;481;496.0;504.0;1015;13;9.0;8.0
9;492;498.0;504.0;1051;10;4.0;6.0
18;492;499.0;507.0;1053;3;7.0;8.0
3;497;499.0;505.0;1067;29;5.0;6.0
12;490;499.0;507.0;1045;21;8.0;8.0
6;480;500.0;509.0;1009;19;9.0;9.0
10;492;500.86531910254376;515.8653191025437;1057;21;12.0;14.999999999999943
17;484;501.0;504.0;1021;19;3.0;3.0
13;493;501.0;505.0;1062;21;3.0;4.0
8;499;503.0;509.0;1068;6;7.0;6.0
15;497;503.0;504.0;1066;17;1.0;1.0
2;499;503.0;514.0;1069;22;11.0;11.0
19;504;504.0;528.0;1072;11;25.0;24.0
17;497;504.0;525.0;1065;28;19.0;21.0
9;504;504.0;514.0;1071;14;11.0;10.0
15;502;504.0;521.0;1070;28;16.0;17.0
18;507;507.0;532.0;1073;27;24.0;25.0
3;507;507.0;522.0;1074;10;14.0;15.0
8;511;511.0;535.0;1076;19;26.0;24.0
0;511;511.0;517.0;1075;14;2.0;6.0
12;511;511.0;521.0;1084;7;10.0;10.0
7;511;511.0;525.0;1077;24;10.0;14.0
5;511;511.0;514.0;1080;23;1.0;3.0
13;511;511.0;514.0;1082;12;4.0;3.0
6;511;511.0;512.0;1081;22;2.0;1.0
14;511;511.0;516.0;1078;4;5.0;5.0
1;511;511.0;513.0;1079;15;1.0;2.0
6;511;512.0;521.0;1083;19;9.0;9.0
5;514;514.0;522.0;1088;27;5.0;8.0
9;514;514.0;515.0;1085;24;3.0;1.0
13;514;514.0;515.0;1086;11;3.0;1.0
16;514;514.0;540.0;1087;5;28.0;26.0
9;515;515.0;526.0;1091;3;14.0;11.0
13;515;515.0;530.0;1093;5;14.0;15.0
4;515;515.0;536.0;1092;0;21.0;21.0
2;515;515.0;533.0;1089;19;17.0;18.0
1;515;515.0;534.0;1090;23;18.0;19.0
10;517;517.0;519.0;1097;28;2.0;2.0
0;517;517.0;519.0;1098;25;4.0;2.0
14;517;517.0;518.0;1100;11;3.0;1.0
14;517;518.0;527.0;1101;9;9.0;9.0
10;517;519.0;520.0;1096;28;2.0;1.0
11;517;519.0;532.0;1095;19;15.0;13.0
0;517;519.0;529.0;1099;18;12.0;10.0
10;517;520.0;544.0;1102;18;27.0;24.0
3;523;523.0;531.0;1109;24;10.0;8.0
12;523;523.0;537.0;1103;25;13.0;14.0
5;523;523.0;541.0;1107;10;19.0;18.0
6;523;523.0;529.0;1106;28;6.0;6.0
15;523;523.0;524.0;1108;4;1.0;1.0
15;523;524.0;526.0;1105;1;2.0;2.0
17;523;525.0;546.0;1104;2;21.0;21.0
7;524;525.0;532.0;1110;2;6.0;7.0
9;526;526.0;527.0;1114;2;2.0;1.0
15;526;526.0;544.0;1112;20;18.0;18.0
9;526;527.0;537.0;1113;25;12.0;10.0
14;526;527.0;532.0;1111;26;5.0;5.0
19;527;528.0;544.0;1116;23;18.0;16.0
0;529;529.0;538.0;1124;6;8.0;9.0
6;529;529.0;530.0;1123;14;4.0;1.0
6;530;530.0;546.0;1126;2;12.0;16.0
3;529;531.0;533.0;1118;17;2.0;2.0
18;526;532.0;538.0;1115;12;7.0;6.0
11;529;532.0;540.0;1121;25;7.0;8.0
7;529;532.0;542.0;1125;13;9.0;10.0
14;531;532.0;538.0;1129;4;5.0;6.0
3;533;533.0;541.0;1134;19;9.0;8.0
2;533;533.0;553.0;1132;29;21.0;20.0
1;529;534.0;535.0;1119;15;1.0;1.0
8;530;535.0;541.0;1127;5;6.0;6.0
1;529;535.0;545.0;1122;20;11.0;10.0
4;530;536.0;539.0;1128;22;6.0;3.0
12;537;537.0;556.0;1135;10;24.0;19.0
9;531;537.0;551.0;1130;25;12.0;14.0
18;538;538.0;545.0;1138;15;7.0;7.0
0;533;538.0;550.0;1133;17;11.0;12.0
14;538;538.0;550.0;1136;16;12.0;12.0
4;538;539.0;564.0;1137;17;26.0;25.0
11;540;540.0;544.0;1145;14;9.0;4.0
16;540;540.0;559.0;1141;21;18.0;19.0
8;540;541.0;545.0;1147;27;4.0;4.0
3;540;541.0;551.0;1146;9;13.0;10.0
5;540;541.0;569.0;1143;4;29.0;28.0
7;540;542.0;551.0;1144;13;9.0;9.0
19;540;544.0;563.0;1142;5;20.0;19.0
10;540;544.0;559.0;1139;6;14.0;15.0
11;540;544.0;557.0;1148;12;14.0;13.0
15;540;544.0;564.0;1140;6;20.0;20.0
8;546;546.0;555.0;1152;11;8.0;9.0
18;546;546.0;558.0;1155;19;13.0;12.0
17;546;546.0;552.0;1154;12;5.0;6.0
6;546;546.0;556.0;1151;26;8.0;10.0
1;546;546.0;554.0;1156;29;7.0;8.0
0;548;550.0;554.0;1157;11;5.0;4.0
14;546;550.0;560.0;1149;9;9.0;10.0
3;551;551.0;558.0;1158;8;6.0;7.0
7;546;551.0;554.0;1153;18;5.0;3.0
9;546;551.0;559.0;1150;7;7.0;8.0
17;551;552.0;577.0;1159;16;25.0;25.0
2;553;553.0;565.0;1162;25;13.0;12.0
0;553;554.0;563.0;1160;15;10.0;9.0
7;554;554.0;561.0;1163;8;11.0;7.0
1;553;554.0;561.0;1161;29;7.0;7.0
8;554;555.0;580.0;1164;19;26.0;25.0
11;557;557.0;577.0;1165;18;18.0;20.0
12;557;557.0;580.0;1168;4;23.0;23.0
6;557;557.0;571.0;1169;12;15.0;14.0
18;557;558.0;565.0;1167;15;7.0;7.0
3;557;558.0;562.0;1166;29;5.0;4.0
10;560;560.0;565.0;1172;1;6.0;5.0
9;560;560.0;562.0;1174;8;3.0;2.0
16;560;560.0;575.0;1170;26;14.0;15.0
14;560;560.0;569.0;1171;9;9.0;9.0
7;560;561.0;575.0;1173;20;13.0;14.0
1;561;561.0;565.0;1176;16;3.0;4.0
3;561;562.0;588.0;1175;20;27.0;26.0
19;563;563.0;568.0;1177;27;6.0;5.0
0;563;563.0;573.0;1178;15;10.0;10.0
18;565;565.0;574.0;1182;16;11.0;9.0
10;565;565.0;583.0;1184;26;17.0;18.0
9;565;565.0;571.0;1183;10;4.0;6.0
15;565;565.0;580.0;1185;0;18.0;15.0
4;565;565.0;571.0;1180;22;6.0;6.0
2;565;565.0;568.0;1179;7;1.0;3.0
1;565;565.0;587.0;1181;22;23.0;22.0
19;568;568.0;573.0;1193;9;5.0;5.0
2;568;568.0;577.0;1195;12;9.0;9.0
5;568;569.0;570.0;1196;23;1.0;1.0
5;568;570.0;573.0;1192;9;3.0;3.0
9;571;571.0;583.0;1200;21;9.0;12.0
6;571;571.0;574.0;1202;5;4.0;3.0
4;571;571.0;595.0;1201;0;21.0;24.0
19;572;573.0;591.0;1203;2;19.0;18.0
0;567;573.0;583.0;1186;12;10.0;10.0
5;567;573.0;590.0;1187;28;20.0;17.0
18;574;574.0;601.0;1207;26;26.0;27.0
6;573;574.0;577.0;1205;28;6.0;3.0
7;575;575.0;597.0;1211;5;21.0;22.0
16;575;575.0;591.0;1212;4;15.0;16.0
11;568;577.0;578.0;1190;0;1.0;1.0
17;576;577.0;582.0;1216;5;3.0;5.0
6;576;577.0;581.0;1219;14;4.0;4.0
2;576;577.0;578.0;1218;7;1.0;1.0
11;578;578.0;595.0;1226;10;18.0;17.0
2;574;578.0;581.0;1210;9;2.0;3.0
13;576;578.0094866493345;581.0094866493345;1215;11;3.0;3.0
14;574;579.5213916520198;581.5213916520198;1208;29;3.0;2.0
8;574;580.0;581.0;1209;16;3.0;1.0
12;575;580.0;584.0;1214;2;5.0;4.0
15;572;580.0;581.0;1204;4;1.0;1.0
8;579;581.0;584.0;1227;23;4.0;3.0
6;580;581.0;584.0;1230;5;4.0;3.0
15;578;581.0;582.0;1225;17;1.0;1.0
2;575;581.0;587.0;1213;13;6.0;6.0
13;571;581.0094866493345;585.0094866493345;1197;12;4.0;4.0
14;576;581.5213916520198;586.5213916520198;1220;26;5.0;5.0
17;578;582.0;583.0;1224;6;2.0;1.0
15;580;582.0;584.0;1229;1;2.0;2.0
10;583;583.0;589.0;1231;20;6.0;6.0
17;583;583.0;585.0;1232;5;3.0;2.0
0;571;583.0;584.0;1199;25;4.0;1.0
9;577;583.0;592.0;1223;26;9.0;9.0
8;584;584.0;596.0;1236;7;15.0;12.0
12;584;584.0;592.0;1235;19;9.0;8.0
0;584;584.0;591.0;1234;6;8.0;7.0
6;584;584.0;586.0;1233;22;2.0;2.0
15;584;584.0;598.0;1237;29;14.0;14.0
17;571;585.0;603.0;1198;20;17.0;18.0
13;574;585.0094866493345;593.0094866493345;1206;20;8.0;8.0
6;586;586.0;613.0;1240;9;26.0;27.0
14;586;586.5213916520198;609.5213916520198;1238;1;23.0;23.0
2;586;587.0;597.0;1239;4;10.0;10.0
1;580;587.0;603.0;1228;13;17.0;16.0
3;586;588.0;594.0;1241;29;5.0;6.0
10;588;589.0;600.0;1242;15;9.0;11.0
5;590;590.0;606.0;1244;16;17.0;16.0
19;590;591.0;612.0;1243;5;20.0;21.0
0;590;591.0;619.0;1245;3;28.0;28.0
12;593;593.0;622.0;1247;27;29.0;29.0
9;593;593.0;600.0;1246;1;6.0;7.0
16;593;593.0;610.0;1248;26;14.0;17.0
3;595;595.0;626.0;1249;12;28.0;31.0
11;595;595.0;599.0;1252;7;4.0;4.0
13;595;595.0;601.0;1251;24;4.0;6.0
4;595;595.0;607.0;1250;4;13.0;12.0
8;596;596.0;606.0;1257;17;10.0;10.0
7;597;597.0;612.0;1264;8;11.0;15.0
2;596;597.0;608.0;1256;14;11.0;11.0
15;597;598.0;617.0;1261;29;14.0;19.0
11;599;599.0;623.0;1268;26;26.0;24.0
10;599;600.0;620.0;1266;12;20.0;20.0
9;596;600.0;607.0;1258;22;10.0;7.0
18;597;601.0;607.0;1262;15;7.0;6.0
13;599;601.0;605.0;1265;24;4.0;4.0
17;595;603.0;604.0;1253;6;2.0;1.0
1;596;603.0;606.0;1259;16;3.0;3.0
17;597;604.0;606.0;1260;17;2.0;2.0
13;597;605.0;616.0;1263;28;11.0;11.0
8;596;606.0;611.0;1255;26;5.0;5.0
17;595;606.0;609.0;1254;19;3.0;3.0
5;599;606.0;624.0;1267;28;20.0;18.0
